epd_name,declared_unit,gwp_per_declared_unit,mass_per_declared_unit,thickness,thickness_per_declared_unit,density,reference_service_life,gwp_per_m3 (kg CO2 eq/m3),gwp_per_m2 (kg CO2 eq/m2),gwp_per_kg (kg CO2 eq/kg),gwp_per_unit (kg CO2 eq/unit),category_mass_per_declared_unit,category_declared_unit,mass_per_area,original_ec3_link,description,Material Category
Loose-Fill Cellulose Insulation,1.0 m^2,0.487 kgCO2e,,,,,75 year,0.0,0.487,0.0,0.0,,,0.0,https://buildingtransparency.org/ec3/organizations/ddea07de0b844139a7ba57e5c89dc455,Cellulose insulation is a natural thermal/acoustical insulation material made from recovered paper fibers in efficient mills using recycled newsprint and cardboard.,Blown Cellulose
AFT Carbon Smart™ Loose-Fill Cellulose Insulation,1 m2,0.389 kgCO2e,0.96 kg,,0.0381 m,25.2 kg / m3,,10.21124999916,0.389,0.4052083333,0.0,,,0.0,https://buildingtransparency.org/ec3/organizations/90081af7e3644a4faa4357aa35e7a957,"Cellulose insulation is a natural thermal/accoustical insulation material produced from recovered paper fibers in highly efficient electrically driven mills.  Recycled newsprint and cardboard are the principal ingredients, but other paper fibers can be, and often are used.",Blown Cellulose
"Blowing Wool Fiberglass Insulation- InsulSafe® SP, TrueComfort®, UltraComfort®, OPTIMA®, InsulSafe®",1 m2,1.29 kgCO2e,0.5739999999999998 kg,,0.114 m,,,0.0,1.29,2.241463415,0.0,,,0.0,https://buildingtransparency.org/ec3/organizations/4f0f4939d54945a08051f4c048ac71c0,"CertainTeed is dedicated to Building Responsibly™ with fiber glass insulation products that are engineered, produced, and shipped with a commitment to minimizing environmental impact and improving energy savings. CertainTeed Blowing Wool Insulation is made of fiber glass that consists of renewable content, a high percentage of recycled glass that is noncombustible, noncorrosive, and odor-free. CertainTeed Blowing Wool Insulation will not settle, contains no chemicals to cause mildew and fungus growth, contains no formaldehyde or asbestos, provides no sustenance for vermin, won’t rot or decay, and will not absorb moisture. Blowing Wool insulation R-values 11-68 are included in this EPD.",Blown Fiberglass
"Blowing Wool Fiberglass Insulation- InsulSafe® SP, TrueComfort®, UltraComfort®, OPTIMA®, InsulSafe®",1 m2,1.29 kgCO2e,0.574 kg,,0.114 m,,,0.0,1.29,2.24738676,0.0,,,0.0,https://buildingtransparency.org/ec3/organizations/4f0f4939d54945a08051f4c048ac71c0,"CertainTeed is dedicated to Building Responsibly™ with fiber glass insulation products that are engineered, produced, and shipped with a commitment to minimizing environmental impact and improving energy savings. CertainTeed Blowing Wool Insulation is made of fiber glass that consists of renewable content, a high percentage of recycled glass that is noncombustible, noncorrosive, and odor-free. CertainTeed Blowing Wool Insulation will not settle, contains no chemicals to cause mildew and fungus growth, contains no formaldehyde or asbestos, provides no sustenance for vermin, won’t rot or decay, and will not absorb moisture. Blowing Wool insulation R-values 11-68 are included in this EPD.",Blown Fiberglass
"Blowing Wool Fiberglass Insulation- InsulSafe® SP, TrueComfort®, UltraComfort®, OPTIMA®, InsulSafe®",1 m2,1.29 kgCO2e,0.574 kg,,0.114 m,,,0.0,1.29,2.24738676,0.0,,,0.0,https://buildingtransparency.org/ec3/organizations/4f0f4939d54945a08051f4c048ac71c0,"CertainTeed is dedicated to Building Responsibly™ with fiber glass insulation products that are engineered, produced, and shipped with a commitment to minimizing environmental impact and improving energy savings. CertainTeed Blowing Wool Insulation is made of fiber glass that consists of renewable content, a high percentage of recycled glass that is noncombustible, noncorrosive, and odor-free. CertainTeed Blowing Wool Insulation will not settle, contains no chemicals to cause mildew and fungus growth, contains no formaldehyde or asbestos, provides no sustenance for vermin, won’t rot or decay, and will not absorb moisture. Blowing Wool insulation R-values 11-68 are included in this EPD.",Blown Fiberglass
Fiberglass Loose Fill Insulation,1 m^2,0.868 kgCO2e,0.39 kg,,,,75 year,0.0,0.868,2.225641026,0.0,,,0.0,https://buildingtransparency.org/ec3/organizations/4f0f4939d54945a08051f4c048ac71c0,"CertainTeed Fiberglass Loose Fill Insulation is made of fiberglass that consists of renewable content, a high percentage of recycled glass that is noncombustible, noncorrosive, and odor-free. CertainTeed Fiberglass Loose Fill Insulation will not settle, contains no chemicals to cause mildew and fungus growth, contains no formaldehyde or asbestos, provides no sustenance for vermin, won’t rot, or decay, and will not absorb moisture. The Fiberglass Loose Fill Insulation R-values included in this report are R11-68. CertainTeed Fiberglass Loose Fill are also UL Green Guard GOLD certified.",Blown Fiberglass
"Blowing Wool Fiberglass Insulation- InsulSafe® SP, TrueComfort®, UltraComfort®, OPTIMA®, InsulSafe®",1 m2,1 kgCO2e,0.56 kg,,,,60 year,0.0,1.0,1.785714286,0.0,,,0.0,https://buildingtransparency.org/ec3/organizations/4f0f4939d54945a08051f4c048ac71c0,"CertainTeed is dedicated to Building Responsibly™ with fiber glass insulation products that are engineered, produced and shipped with a commitment to minimizing environmental impact and improving energy savings. CertainTeed blowing insulation is made of fiber glass that consists of a high percentage of recycled glass that is noncombustible, noncorrosive and odor-free. CertainTeed blowing wool insulation will not settle, contains no chemicals to cause mildew and fungus growth, contains no formaldehyde or asbestos, provides no sustenance for vermin, won’t rot or decay and will not absorb moisture. The functional unit of the products reported in this document is 1 square meter of insulation material with a thickness 2 that provides an average thermal resistance RSI= 1 m K/W (RUS=5.68) with a building service life of 60 years. Product Line Features and Benefits CertainTeed Blowing Wool is ideal for open (attic) and closed (floor/sidewalls) construction cavities in residential and commercial settings. Our blowing wool products may be used in retrofit",Blown Fiberglass
Thermafiber Mineral Wool Unbonded Loosefill,1 m2,5.16 kgCO2e,1.49 kg,,,,,0.0,5.16,3.463087248,0.0,,,0.0,https://buildingtransparency.org/ec3/organizations/affc3c4ff6db42da943316a8f84c3dc2,Thermafiber® Unbonded Loosefill is an insulation product group consisting of granulated wool and blown-in wool insulation. Thermafiber® Granulated Wool consists of bulk wool and filler/reinforcement fiber used in commercial and industrial,Blown Mineral Wool
Polyiso Roof Insulation Boards,1 m2,2.11 kgCO2e,0.846 kg,,,,75 year,0.0,2.11,2.494089835,0.0,,,0.0,https://buildingtransparency.org/ec3/organizations/7ab04d7fe1cd41fca878b860945bc31a,"Polyisocyanurate (polyiso) roof insulation boards consist of a rigid closed-cell foam core sandwiched between two facers (top and bottom). The foam core is a thermoset polymer produced through the reaction of methylene diphenylene diisocyanate (MDI) with polyester polyol, along with additives such as catalyst, surfactant, flame retardant, and blowing agent (pentane or pentane blends). For roofing applications, the most common facer is a glass fiber reinforced cellulosic facer (GRF) produced predominantly from recycled post-consumer and/or post-industrial fibers. Polyiso roof insulation is also manufactured with polymer-bonded coated glass facer (CGF), consisting of a glass fiber mat coated with polymers. Polyiso is the most widely used type of insulation in above-deck commercial roof applications in the United States and Canada. It is compatible with all low-slope roof covering types including single-ply membranes, modified bitumen systems, built-up roofing, standing-seam metal roofing, and metal panels. It is characterized by high thermal resistance, lightweight construction, and direct-to-steel deck application without a thermal barrier.",Polyiso Insulation Foam Board
Polyiso Roof Insulation Boards,1 m2,2.234 kgCO2e,0.846 kg,,,,75 year,0.0,2.234,2.640661939,0.0,,,0.0,https://buildingtransparency.org/ec3/organizations/7ab04d7fe1cd41fca878b860945bc31a,"Polyisocyanurate (polyiso) roof insulation boards consist of a rigid closed-cell foam core sandwiched between two facers (top and bottom). The foam core is produced through the reaction of methylene diphenylene diisocyanate (MDI) with polyester polyol, along with additives such as catalyst, surfactant, flame retardant, and blowing agent (pentane or pentane blends). For roofing applications, the most common facer is a glass fiber reinforced cellulosic facer (GRF) produced predominantly from recycled post-consumer and/or post-industrial fibers. Polyiso roof insulation is also manufactured with polymer-bonded coated glass facer (CGF), consisting of a glass fiber mat coated with polymers. Polyiso roof insulation boards are used in commercial, light commercial, residential, and industrial roof construction projects, installed direct-to-deck (i.e., steel, concrete, or wood) and below the membrane to provide continuous insulation.",Polyiso Insulation Foam Board
Polyiso Roof Insulation Boards,1 m2,2.04 kgCO2e,0.846 kg,,,,40 year,0.0,2.04,2.411347518,0.0,,,0.0,https://buildingtransparency.org/ec3/organizations/7ab04d7fe1cd41fca878b860945bc31a,"Polyisocyanurate (polyiso) is a cellular closed-cell rigid foam plastic insulation. The polyiso roof insulation boards consist of a foam core sandwiched between two facers (top and bottom). The foam core is comprised of a thermoset polymer that hardens by curing from a viscous liquid prepolymer. The rigid foam is produced through the reaction of methylene diphenylene diisocyanate (MDI) with polyester polyol. Other additives such as catalyst, surfactant, flame retardant, and blowing agent (pentane or pentane blends) are part of the formulation. For roofing applications, the most common facer is a glass fiber reinforced cellulosic facer (GRF) produced predominantly from recycled post-consumer and/or post-industrial fibers. Polyiso roof insulation is also manufactured with polymer-bonded coated glass facer (CGF), consisting of a glass fiber mat coated with polymers. Both facer types play a critical role in accommodating a continuous manufacturing process.",Polyiso Insulation Foam Board
Polyiso Roof Insulation Boards,1 m2,2.31 kgCO2e,1.0886208 kg,,0.025 m,,40 years,0.0,2.31,2.121949274,0.0,,,0.0,https://buildingtransparency.org/ec3/organizations/7ab04d7fe1cd41fca878b860945bc31a,"Polyiso roof insulation boards are rigid foam plastic insulation boards comprised of a foam core sandwiched between two facers. The foam core consists of the average weighted formulation by mass listed in Table 2. The facers can be glass fiber reinforced facer (GRF), coated glass fiber (CGF) facers, and manufacturing of polyiso roof insulation boards during reroofing. The system boundary includes energy, water and raw material inputs, transportation distances and modes for raw materials, direct emissions, wastewater and manufacturing waste scrap to a local landfill for disposal. Disposal of installation waste scrap to a local landfill was modeled at 1% of the board foot. Additional installation details are reported in Table 4. Polyiso roof insulation boards are manufactured to meet the requirements of industry consensus product specifications and standards in the United States and Canada. Typical physical properties for polyiso roof insulation boards are listed in Table 1. PIMA represents the rigid polyiso industry in the development of product technical standards, certification programs, and energy efficiency advocacy. As a leading advocate for building energy efficiency, PIMA has received many environmental awards, including the U.S. Environmental Protection Agency's Climate Protection Award in 2007 for the Association's leadership in promoting energy efficiency and climate protection. The U.S. EPA also awarded PIMA the Stratospheric Ozone Protection Award in 2002 for leadership in the CFC phase-out in polyiso insulation and in recognition of exceptional contributions to global environmental protection.",Polyiso Insulation Foam Board
Polyiso Roof Insulation Boards,1 m2,2.11 kgCO2e,0.846 kg,,,,75 year,0.0,2.11,2.494089835,0.0,,,0.0,https://buildingtransparency.org/ec3/organizations/7ab04d7fe1cd41fca878b860945bc31a,"Polyisocyanurate (polyiso) rigid foam roof insulation boards consisting of a closed-cell foam core sandwiched between two facers (top and bottom). The foam core is a thermoset polymer produced through the reaction of methylene diphenylene diisocyanate (MDI) with polyester polyol, along with catalyst, surfactant, flame retardant, and pentane blowing agent. Facers include glass fiber reinforced cellulosic facer (GRF) produced predominantly from recycled fibers, or polymer-bonded coated glass facer (CGF). Used in commercial, light commercial, residential, and industrial roof construction applications.",Polyiso Insulation Foam Board
Polyiso Roof Insulation Board with GRF Facer,1 m2,2.1758 kgCO2e,0.733 kg,,,,75 years,0.0,2.1758,2.96834925,0.0,,,0.0,https://buildingtransparency.org/ec3/organizations/8bd676488ef043e59eafe70f18bc42ed,"Polyisocyanurate (Polyiso) is a cellular closed-cell rigid foam plastic insulation. Polyiso roof insulation boards consist of a foam core sandwiched between twofacers (top and bottom). The foam core is comprised of a thermoset polymer that hardens by curing from a viscous liquid prepolymer. The rigid foam is produced through the reaction of methylene diphenylene diisocyanate (MDI) with polyester polyol. Other additives such as catalyst, surfactant, flame retardant, and blowing agent (pentane or pentane blends) are part of the formulation. Pentane is a hydrocarbon with negligible ozone depletion potential (ODP) (U.S. EPA, 2018) and low global warming potential (GWP) (U.S. EPA, 2020). For nearly 20 years, the polyiso industry has only utilized pentane or pentane blends in product formulations. Upon mixing of the components, the viscous pre-polymer is laid between the facers, and a chemical reaction cross-links polymer chains creating a rigid and durable cellular structure. For roofing applications, the most common facer is a glass fiber reinforced cellulosic facer (GRF) produced predominantly from recycled post-consumer and/or post-industrial fibers. Polyiso roof insulation is also manufactured with polymer-bonded coated glass facer (CGF), consisting of a glass fiber mat coated with polymers. Both facer types play a critical role in accommodating a continuous manufacturing process.",Polyiso Insulation Foam Board
Polyiso Roof Insulation Boards,1 m2,2.54 kgCO2e,22.92 kg,,,,60 years,0.0,2.54,0.1108202443,0.0,,,0.0,https://buildingtransparency.org/ec3/organizations/3b8b1b4314954a97a172218165c47094,"Polyiso insulation produced by Carlisle Syntec is a rigid roof insulation panel composed of closed-cell Polyiso foam
bonded to two different types of facers. The InsulBase brand incorporates glass reinforced felt (GRF) facers while the
SecurShield brand incorporates Coated Glass Fiber (CGF) facers. Polyiso boards can come in a variety of thicknesses
and thus have a range of R-values.",Polyiso Insulation Foam Board
Polyiso Roof Insulation Board,1 m2,2.41 kgCO2e,0.723 kg,,0.024891999999999997 m,,,0.0,2.41,3.333333333,0.0,,,0.0,https://buildingtransparency.org/ec3/organizations/f67dfbc4fd4940cbb24d71c6eff54a15,Polyiso insulation produced by Carlisle Syntec is a rigid roof insulation panel composed of closed-cell Polyiso foam bonded to two different types of facers. The InsulBase brand incorporates glass reinforced felt (GRF) facers while the SecurShield brand incorporates Coated Glass Fiber (CGF) facers. Polyiso boards can come in a variety of thicknesses and thus have a range of R-values.,Polyiso Insulation Foam Board
Polyiso Roof Insulation Board,1 m2,2.41 kgCO2e,0.723 kg,,0.024891999999999997 m,,,0.0,2.41,3.333333333,0.0,,,0.0,https://buildingtransparency.org/ec3/organizations/f67dfbc4fd4940cbb24d71c6eff54a15,Polyiso insulation produced by Carlisle Syntec is a rigid roof insulation panel composed of closed-cell Polyiso foam bonded to two different types of facers. The InsulBase brand incorporates glass reinforced felt (GRF) facers while the SecurShield brand incorporates Coated Glass Fiber (CGF) facers. Polyiso boards can come in a variety of thicknesses and thus have a range of R-values.,Polyiso Insulation Foam Board
Polyiso Roof Insulation Board,1 m2,2.41 kgCO2e,0.723 kg,,0.024891999999999997 m,,,0.0,2.41,3.333333333,0.0,,,0.0,https://buildingtransparency.org/ec3/organizations/f67dfbc4fd4940cbb24d71c6eff54a15,Polyiso insulation produced by Carlisle Syntec is a rigid roof insulation panel composed of closed-cell Polyiso foam bonded to two different types of facers. The InsulBase brand incorporates glass reinforced felt (GRF) facers while the SecurShield brand incorporates Coated Glass Fiber (CGF) facers. Polyiso boards can come in a variety of thicknesses and thus have a range of R-values.,Polyiso Insulation Foam Board
Polyiso Roof Insulation Board,1 m2,2.41 kgCO2e,0.723 kg,,0.024891999999999997 m,,,0.0,2.41,3.333333333,0.0,,,0.0,https://buildingtransparency.org/ec3/organizations/f67dfbc4fd4940cbb24d71c6eff54a15,Polyiso insulation produced by Carlisle Syntec is a rigid roof insulation panel composed of closed-cell Polyiso foam bonded to two different types of facers. The InsulBase brand incorporates glass reinforced felt (GRF) facers while the SecurShield brand incorporates Coated Glass Fiber (CGF) facers. Polyiso boards can come in a variety of thicknesses and thus have a range of R-values.,Polyiso Insulation Foam Board
Polyiso Roof Insulation Board,1 m2,2.41 kgCO2e,0.723 kg,,0.024891999999999997 m,,,0.0,2.41,3.333333333,0.0,,,0.0,https://buildingtransparency.org/ec3/organizations/f67dfbc4fd4940cbb24d71c6eff54a15,Polyiso insulation produced by Carlisle Syntec is a rigid roof insulation panel composed of closed-cell Polyiso foam bonded to two different types of facers. The InsulBase brand incorporates glass reinforced felt (GRF) facers while the SecurShield brand incorporates Coated Glass Fiber (CGF) facers. Polyiso boards can come in a variety of thicknesses and thus have a range of R-values.,Polyiso Insulation Foam Board
Polyiso Roof Insulation Board,1 m2,2.41 kgCO2e,0.723 kg,,0.024891999999999997 m,,,0.0,2.41,3.333333333,0.0,,,0.0,https://buildingtransparency.org/ec3/organizations/f67dfbc4fd4940cbb24d71c6eff54a15,Polyiso insulation produced by Carlisle Syntec is a rigid roof insulation panel composed of closed-cell Polyiso foam bonded to two different types of facers. The InsulBase brand incorporates glass reinforced felt (GRF) facers while the SecurShield brand incorporates Coated Glass Fiber (CGF) facers. Polyiso boards can come in a variety of thicknesses and thus have a range of R-values.,Polyiso Insulation Foam Board
Polyiso Roof Insulation Boards,1 m2,2.41 kgCO2e,0.723 kg,,0.024891999999999997 m,,60 year,0.0,2.41,3.333333333,0.0,,,0.0,https://buildingtransparency.org/ec3/organizations/f68002a0d03b4358a8d9737e135d71c5,"Cellular Polyiso insulation produced by Hunter Panels is a rigid insulation panel composed of a closed cell foam bonded to two facers in the manufacturing process. Polyiso is available in a variety of thicknesses, sizes and r-values, depending on the design specifications. Polyiso insulation board is the most widely used insulating material for above-deck commercial roof construction in North America. In commercial roofing assemblies, one or more layers of Polyiso are placed above the roof deck (typically Steel, Concrete or Plywood) and beneath the roof covering or membrane. Polyiso is widely known for being the highest r-value per inch of any insulation, and its compatibility with various roofing",Polyiso Insulation Foam Board
Polyiso Roof Insulation Boards,1 m2,2.41 kgCO2e,0.723 kg,,0.024891999999999997 m,,60 year,0.0,2.41,3.333333333,0.0,,,0.0,https://buildingtransparency.org/ec3/organizations/f68002a0d03b4358a8d9737e135d71c5,"Cellular Polyiso insulation produced by Hunter Panels is a rigid insulation panel composed of a closed cell foam bonded to two facers in the manufacturing process. Polyiso is available in a variety of thicknesses, sizes and r-values, depending on the design specifications. Polyiso insulation board is the most widely used insulating material for above-deck commercial roof construction in North America. In commercial roofing assemblies, one or more layers of Polyiso are placed above the roof deck (typically Steel, Concrete or Plywood) and beneath the roof covering or membrane. Polyiso is widely known for being the highest r-value per inch of any insulation, and its compatibility with various roofing",Polyiso Insulation Foam Board
Polyiso Roof Insulation Boards,1 m2,2.41 kgCO2e,0.723 kg,,0.024891999999999997 m,,60 year,0.0,2.41,3.333333333,0.0,,,0.0,https://buildingtransparency.org/ec3/organizations/f68002a0d03b4358a8d9737e135d71c5,"Cellular Polyiso insulation produced by Hunter Panels is a rigid insulation panel composed of a closed cell foam bonded to two facers in the manufacturing process. Polyiso is available in a variety of thicknesses, sizes and r-values, depending on the design specifications. Polyiso insulation board is the most widely used insulating material for above-deck commercial roof construction in North America. In commercial roofing assemblies, one or more layers of Polyiso are placed above the roof deck (typically Steel, Concrete or Plywood) and beneath the roof covering or membrane. Polyiso is widely known for being the highest r-value per inch of any insulation, and its compatibility with various roofing",Polyiso Insulation Foam Board
Polyiso Roof Insulation Boards,1 m2,2.41 kgCO2e,0.723 kg,,0.024891999999999997 m,,60 year,0.0,2.41,3.333333333,0.0,,,0.0,https://buildingtransparency.org/ec3/organizations/f68002a0d03b4358a8d9737e135d71c5,"Cellular Polyiso insulation produced by Hunter Panels is a rigid insulation panel composed of a closed cell foam bonded to two facers in the manufacturing process. Polyiso is available in a variety of thicknesses, sizes and r-values, depending on the design specifications. Polyiso insulation board is the most widely used insulating material for above-deck commercial roof construction in North America. In commercial roofing assemblies, one or more layers of Polyiso are placed above the roof deck (typically Steel, Concrete or Plywood) and beneath the roof covering or membrane. Polyiso is widely known for being the highest r-value per inch of any insulation, and its compatibility with various roofing",Polyiso Insulation Foam Board
Polyiso Roof Insulation Boards,1 m2,2.41 kgCO2e,0.723 kg,,0.024891999999999997 m,,60 year,0.0,2.41,3.333333333,0.0,,,0.0,https://buildingtransparency.org/ec3/organizations/f68002a0d03b4358a8d9737e135d71c5,"Cellular Polyiso insulation produced by Hunter Panels is a rigid insulation panel composed of a closed cell foam bonded to two facers in the manufacturing process. Polyiso is available in a variety of thicknesses, sizes and r-values, depending on the design specifications. Polyiso insulation board is the most widely used insulating material for above-deck commercial roof construction in North America. In commercial roofing assemblies, one or more layers of Polyiso are placed above the roof deck (typically Steel, Concrete or Plywood) and beneath the roof covering or membrane. Polyiso is widely known for being the highest r-value per inch of any insulation, and its compatibility with various roofing",Polyiso Insulation Foam Board
Polyiso Roof Insulation Boards,1 m2,2.41 kgCO2e,0.723 kg,,0.024891999999999997 m,,60 year,0.0,2.41,3.333333333,0.0,,,0.0,https://buildingtransparency.org/ec3/organizations/f68002a0d03b4358a8d9737e135d71c5,"Cellular Polyiso insulation produced by Hunter Panels is a rigid insulation panel composed of a closed cell foam bonded to two facers in the manufacturing process. Polyiso is available in a variety of thicknesses, sizes and r-values, depending on the design specifications. Polyiso insulation board is the most widely used insulating material for above-deck commercial roof construction in North America. In commercial roofing assemblies, one or more layers of Polyiso are placed above the roof deck (typically Steel, Concrete or Plywood) and beneath the roof covering or membrane. Polyiso is widely known for being the highest r-value per inch of any insulation, and its compatibility with various roofing",Polyiso Insulation Foam Board
Polyiso Roof Insulation Board,1 m2,2.41 kgCO2e,0.723 kg,,0.024891999999999997 m,,,0.0,2.41,3.333333333,0.0,,,0.0,https://buildingtransparency.org/ec3/organizations/f67dfbc4fd4940cbb24d71c6eff54a15,Polyiso insulation produced by Carlisle Syntec is a rigid roof insulation panel composed of closed-cell Polyiso foam bonded to two different types of facers. The InsulBase brand incorporates glass reinforced felt (GRF) facers while the SecurShield brand incorporates Coated Glass Fiber (CGF) facers. Polyiso boards can come in a variety of thicknesses and thus have a range of R-values.,Polyiso Insulation Foam Board
Polyiso Roof Insulation Boards,1 m2,2.41 kgCO2e,0.723 kg,,0.024891999999999997 m,29 kg/m3,60 year,96.66666665700001,2.41,3.333333333,0.0,,,0.0,https://buildingtransparency.org/ec3/organizations/3b8b1b4314954a97a172218165c47094,"Cellular Polyiso insulation produced by Hunter Panels is a rigid insulation panel composed of a closed cell foam bonded to two facers in the manufacturing process. Polyiso is available in a variety of thicknesses, sizes and r-values, depending on the design specifications. Polyiso insulation board is the most widely used insulating material for above-deck commercial roof construction in North America. In commercial roofing assemblies, one or more layers of Polyiso are placed above the roof deck (typically Steel, Concrete or Plywood) and beneath the roof covering or membrane. Polyiso is widely known for being the highest r-value per inch of any insulation, and its compatibility with various roofing",Polyiso Insulation Foam Board
Neopor® Plus Graphite Polystyrene Insulation,1 m2,1.7296 kgCO2e,0.43478260869565216 kg,,,14.416617036564132 kg / m3,75 years,57.35045590081504,1.7296,3.97808,0.0,,,0.0,https://buildingtransparency.org/ec3/organizations/c33f916720674915b58e524b210c2927,Neopor® Plus (GPS) insulation boards are graphite polystyrene (GPS) with a polymeric flame retardant in uniform distribution (blowing agent: pentane).,Graphite Polystyrene (GPS) Foam Board
Neopor® Plus Graphite Polystyrene Insulation,1 m2,1.73 kgCO2e,0.433 kg,,0.030699999999999998 m,14 kg/m3,75 year,55.935334868,1.73,3.995381062,0.0,,,0.0,https://buildingtransparency.org/ec3/organizations/c33f916720674915b58e524b210c2927,Neopor® Plus (GPS) insulation boards are graphite polystyrene (GPS) with a polymeric flame retardant in uniform distribution (blowing agent: pentane),Graphite Polystyrene (GPS) Foam Board
Neopor® Plus Graphite Polystyrene Insulation,1 m2,1.73 kgCO2e,0.433 kg,,0.030699999999999998 m,14 kg/m3,75 year,55.935334868,1.73,3.995381062,0.0,,,0.0,https://buildingtransparency.org/ec3/organizations/c33f916720674915b58e524b210c2927,Neopor® Plus (GPS) insulation boards are graphite polystyrene (GPS) with a polymeric flame retardant in uniform distribution (blowing agent: pentane),Graphite Polystyrene (GPS) Foam Board
Neopor® Plus Graphite Polystyrene Insulation,1 m2,1.73 kgCO2e,0.433 kg,,0.030699999999999998 m,14 kg/m3,75 year,55.935334868,1.73,3.995381062,0.0,,,0.0,https://buildingtransparency.org/ec3/organizations/c33f916720674915b58e524b210c2927,Neopor® Plus (GPS) insulation boards are graphite polystyrene (GPS) with a polymeric flame retardant in uniform distribution (blowing agent: pentane),Graphite Polystyrene (GPS) Foam Board
EPS Insulation,1 m2,2.79 kgCO2e,0.75 kg,,,,60 year,0.0,2.79,3.72,0.0,,,0.0,https://buildingtransparency.org/ec3/organizations/54c9f82059be449dbe20cc58b979f109,"Expanded polystyrene (EPS) insulation is a closed-cell foam plastic that is 98% air. EPS insulation is foam plastic and has never contained chlorofluorocarbon (CFCs), hydrofluorocarbons (HFCs) or hydrochlorofluorocarbon (HCFCs) blowing agents. EPS is easily recyclable and re-incorporated into the manufacturing process. This EPD is based on ASTM C578 Type I EPS insulation with a functional unit of 1 m² with a thermal resistance RSI = 1 m²K/W and service life of 60 years. The thickness of the ASTM C578 Type I EPS insulation required for the functional unit is 4.01 centimeters (1.58 in).",Expanded Polystyrene (EPS) Foam Board
Styrofoam Brand XPS Insulation Products,1 m2,3.51 kgCO2e,0.744 kg,,0.0276 m,,,0.0,3.51,4.717741935,0.0,,,0.0,https://buildingtransparency.org/ec3/organizations/1c2f8d79ccdc4d1e86973247d985a87c,"DuPont Styrofoam Brand XPS Insulation products - Extruded Polystyrene Foam Insulations. 1 m² of insulation material with a thickness that gives an average thermal resistance RSI = 1 m²K/W for a period of 75 years. Products include various types such as Ag Board, Cavitymate, Deckmatte, Duratherm, Freezermate, Highloard, Panel Core, Perimate, Picazamatte, Recovermate, Residential Sheathing, Residing Board, Roofmate, Scoreboard, SM, Square Edge, Styroscan, Ultra, UtilityFit, Wallmatte, and Z-mate. The insulation primarily consists of polystyrene foam with blowing agents, and some products are lined with films or facers to prevent water and water vapor intrusion.",Extruded Polystyrene (XPS) Foam Board
FOAMULAR® NGX™ 1000 XPS Insulation,1 m2,9.59 kgCO2e,0.777 kg,,0.028799999999999996 m,48.05550000000001 kg/m3,75 years,593.2559710402651,9.59,12.34522523,0.0,,,0.0,https://buildingtransparency.org/ec3/organizations/affc3c4ff6db42da943316a8f84c3dc2,"FOAMULAR® NGX™ XPS Insulation is a comprehensive line of rigid foam products that are easy to use, resist water absorption, deliver high compressive strength and maintain a high R-value throughout the life of the building.* It has third-party certified recycled content - certified by SCS Global Services - and, in addition is GREENGUARD Gold certified, offers the the industry’s only lifetime limited warranty.* FOAMULAR® NGX™ XPS Insulation is made with Owens Corning’s patented Hydrovac® process technology under strict quality control measures, which makes it highly resistant to moisture and permits the product to retain its high R-value year after year even after prolonged exposure to moisture and freeze/thaw cycling. Another primary difference with FOAMULAR® NGX™ XPS Insulation products is its compressive strength. FOAMULAR® NGX™ XPS Insulation has compressive strengths of 15, 20, 25, 30, 35, 40, 60 and 100 psi. The variety of products provides different strengths for use in walls, where there is almost no compressive load, or intermediate strength product for use with modest loads such as around foundations, or in low slope roofs. It also is suitable for use under high load pavement, such as floors or plaza decks. FOAMULAR® NGX™ XPS Insulation is an integral component of our Owens Corning® ResidentialComplete® Wall Systems and the Owens Corning® CommercialComplete® Wall Systems portfolios. FOAMULAR® NGX™ contains the additional benefit of being manufactured with a blowing agent formulation that delivers a 90% reduction to Global Warming Potential (100 year) compared to FOAMULAR® blowing agent, including the complete elimination of HFC 134a.",Extruded Polystyrene (XPS) Foam Board
"XPS Insulation Board, 25 psi Standard",1 m2,3.2865 kgCO2e,0.743 kg,,,25.63 kg / m3,,113.36876850992,3.2865,4.423283984,0.0,,,0.0,https://buildingtransparency.org/ec3/organizations/1550bf24e13e42c7ae68dc68f2739b8a,"The products include extruded polystyrene insulation boards manufactured at the company’s production facility in
Winchester, VA. The products are constructed from polystyrene plastics and various blowing agents sourced from various
local and regional suppliers. A product with a standard blowing agent and a low-GWP blowing agentare included.",Extruded Polystyrene (XPS) Foam Board
"XPS Insulation Board, 40 psi, Standard",1 m2,3.6626 kgCO2e,0.864 kg,,,28.84 kg / m3,,122.2562314708,3.6626,4.23912037,0.0,,,0.0,https://buildingtransparency.org/ec3/organizations/1550bf24e13e42c7ae68dc68f2739b8a,"The products include extruded polystyrene insulation boards manufactured at the company’s production facility in Winchester, VA. The products are constructed from polystyrene plastics and various blowing agents sourced from various local and regional suppliers. A product with a standard blowing agent and a low-GWP blowing agentare included.",Extruded Polystyrene (XPS) Foam Board
"XPS Insulation Board, 60 psi low-GWP",1 m2,4.534 kgCO2e,1.16 kg,,,25.632 kg / m3,,100.18576552608,4.534,3.90862069,0.0,,,0.0,https://buildingtransparency.org/ec3/organizations/1550bf24e13e42c7ae68dc68f2739b8a,"The products include extruded polystyrene insulation boards manufactured at the company’s production facility in Winchester, VA. The products are constructed from polystyrene plastics and various blowing agents sourced from various local and regional suppliers. A product with a standard blowing agent and a low-GWP blowing agent are included.",Extruded Polystyrene (XPS) Foam Board
FOAMULAR® XPS Insulation - Average,1 m2,50.4 kgCO2e,,,,,,0.0,50.4,0.0,0.0,,,0.0,https://buildingtransparency.org/ec3/organizations/affc3c4ff6db42da943316a8f84c3dc2,"FOAMULAR® XPSInsulation is a comprehensive line of rigid foam products that are easy to use, resist water absorption, deliver high compressive strength and maintain a high R-value throughout the life of the building.* It has third-party certified recycled content - certified by SCS Global Services - and, in addition, is GREENGUARD Gold certified and offers the the industry’s only lifetime limited warranty.* FOAMULAR® XPS Insulation is made with Owens Corning’s patented Hydrovac® process technology under strict quality control measures, which makes it highly resistant to moisture and permits the product to retain its high R-value year after year even after prolonged exposure to moisture and freeze/thaw cycling. Another primary difference with FOAMULAR® XPSInsulation products is its compressive strength. FOAMULAR® XPS Insulation has compressive strengths of 15, 25, 40, 60 and 100psi. The variety of products provides different strengths for use in walls, where there is almost no compressive load, or intermediate strength product for use with modest loads such as around foundations,or in low slope roofs. It also is suitable for use under high load pavement, such as floors or plaza decks. FOAMULAR® XPSInsulation is an integral component of our OwensCorning® ResidentialCcomplete® Wall Systems and the Owens Corning® CommercialComplete® Wall Systems portfolios.",Extruded Polystyrene (XPS) Foam Board
"XPS Insulation Board, 25 psi Low-GWP",1 m2,3.7415 kgCO2e,0.914 kg,,,25.63 kg / m3,,104.91755471053999,3.7415,4.093544858,0.0,,,0.0,https://buildingtransparency.org/ec3/organizations/1550bf24e13e42c7ae68dc68f2739b8a,"The products include extruded polystyrene insulation boards manufactured at the company’s production facility in
Winchester, VA. The products are constructed from polystyrene plastics and various blowing agents sourced from various
local and regional suppliers. A product with a standard blowing agent and a low-GWP blowing agentare included.",Extruded Polystyrene (XPS) Foam Board
"XPS Insulation Board, 40 psi, Low-GWP",1 m2,3.7745 kgCO2e,0.928 kg,,,28.84 kg / m3,,117.30234913992,3.7745,4.067349138,0.0,,,0.0,https://buildingtransparency.org/ec3/organizations/1550bf24e13e42c7ae68dc68f2739b8a,"The products include extruded polystyrene insulation boards manufactured at the company’s production facility in Winchester, VA. The products are constructed from polystyrene plastics and various blowing agents sourced from various local and regional suppliers. A product with a standard blowing agent and a low-GWP blowing agentare included.",Extruded Polystyrene (XPS) Foam Board
"XPS Insulation Board, 60 psi standard",1 m2,4.6183 kgCO2e,1.17 kg,,,25.632 kg / m3,,101.176295377824,4.6183,3.947264957,0.0,,,0.0,https://buildingtransparency.org/ec3/organizations/1550bf24e13e42c7ae68dc68f2739b8a,"The products include extruded polystyrene insulation boards manufactured at the company’s production facility in Winchester, VA. The products are constructed from polystyrene plastics and various blowing agents sourced from various local and regional suppliers. A product with a standard blowing agent and a low-GWP blowing agent are included.",Extruded Polystyrene (XPS) Foam Board
"Declaration XPS Insulation Boards, 60 PSI _ Waa) 2 by SCS GLOBAL SERVICES 7 y r_ ""a e ENVIRONMENTAL ",1 m,60 kgCO2e,1.16 kg,,,25.6 kg / m3,,1324.1379310080001,0.0,51.72413793,0.0,,,0.0,https://buildingtransparency.org/ec3/organizations/1550bf24e13e42c7ae68dc68f2739b8a,"The products include extruded polystyrene insulation boards manufactured at the company’s production facility in
Winchester, VA. The products are constructed from polystyrene plastics and various blowing agents sourced from various
local and regional suppliers. A product with a standard blowing agent and a low-GWP blowing agentare included.",Extruded Polystyrene (XPS) Foam Board
"XPS Insulation Board, 40 psi, Standard",1 m2,3.581 kgCO2e,0.928 kg,,,28.84 kg / m3,,111.28883620988,3.581,3.858836207,0.0,,,0.0,https://buildingtransparency.org/ec3/organizations/2534cb83788443e584ec4147f7381522,"The products include extruded polystyrene insulation boards manufactured at the company’s production facility in Winchester, VA. The products are constructed from polystyrene plastics and various blowing agents sourced from various local and regional suppliers. A product with a standard blowing agent and a low-GWP blowing agentare included.",Extruded Polystyrene (XPS) Foam Board
FOAMULAR® NGX™ 400 XPS Insulation,1 m2,10.2613 kgCO2e,0.829 kg,,0.028799999999999996 m,28.83323407 kg / m3,75 years,356.8956148808839,10.2613,12.37792521,0.0,,,0.0,https://buildingtransparency.org/ec3/organizations/affc3c4ff6db42da943316a8f84c3dc2,"FOAMULAR® NGX™ XPS Insulation is a comprehensive line of rigid foam products that are easy to use, resist water absorption, deliver high compressive strength and maintain a high R-value throughout the life of the building.* It has third-party certified recycled content - certified by SCS Global Services - and, in addition is GREENGUARD Gold certified, offers the the industry’s only lifetime limited warranty.* FOAMULAR® NGX™ XPS Insulation is made with Owens Corning’s patented Hydrovac® process technology under strict quality control measures, which makes it highly resistant to moisture and permits the product to retain its high R-value year after year even after prolonged exposure to moisture and freeze/thaw cycling. Another primary difference with FOAMULAR® NGX™ XPS Insulation products is its compressive strength. FOAMULAR® NGX™ XPS Insulation has compressive strengths of 15, 20, 25, 30, 35, 40, 60 and 100 psi. The variety of products provides different strengths for use in walls, where there is almost no compressive load, or intermediate strength product for use with modest loads such as around foundations, or in low slope roofs. It also is suitable for use under high load pavement, such as floors or plaza decks. FOAMULAR® NGX™ XPS Insulation is an integral component of our Owens Corning® ResidentialComplete® Wall Systems and the Owens Corning® CommercialComplete® Wall Systems portfolios. FOAMULAR® NGX™ contains the additional benefit of being manufactured with a blowing agent formulation that delivers a 90% reduction to Global Warming Potential (100 year) compared to FOAMULAR® blowing agent, including the complete elimination of HFC 134a.",Extruded Polystyrene (XPS) Foam Board
FOAMULAR® XPS Insulation - 250,1 m2,53.3 kgCO2e,0.715 kg,,0.0288 m,24.828675 kg/m3,75 years,1850.8648637492213,53.3,74.54545455,0.0,,,0.0,https://buildingtransparency.org/ec3/organizations/affc3c4ff6db42da943316a8f84c3dc2,"FOAMULAR® XPS Insulation is a comprehensive line of rigid foam products that are easy to use, resist water absorption, deliver high compressive strength and maintain a high R-value throughout the life of the building.",Extruded Polystyrene (XPS) Foam Board
FOAMULAR® XPS Insulation - 150,1 m2,44.7 kgCO2e,0.6 kg,,0.0288 m,20.82405 kg/m3,75 years,1551.391725,44.7,74.5,0.0,,,0.0,https://buildingtransparency.org/ec3/organizations/affc3c4ff6db42da943316a8f84c3dc2,"FOAMULAR® XPS Insulation is a comprehensive line of rigid foam products that are easy to use, resist water absorption, deliver high compressive strength and maintain a high R-value throughout the life of the building.",Extruded Polystyrene (XPS) Foam Board
FOAMULAR® XPS Insulation - 600,1 m2,75.7 kgCO2e,1.01 kg,,0.0288 m,35.240700000000004 kg/m3,75 years,2641.307910908535,75.7,74.95049505,0.0,,,0.0,https://buildingtransparency.org/ec3/organizations/affc3c4ff6db42da943316a8f84c3dc2,"FOAMULAR® XPS Insulation is a comprehensive line of rigid foam products that are easy to use, resist water absorption, deliver high compressive strength and maintain a high R-value throughout the life of the building.",Extruded Polystyrene (XPS) Foam Board
FOAMULAR® XPS Insulation - 400,1 m2,61.9 kgCO2e,0.8299999999999998 kg,,0.0288 m,28.83330000000001 kg/m3,75 years,2150.3388794312255,61.9,74.57831325,0.0,,,0.0,https://buildingtransparency.org/ec3/organizations/affc3c4ff6db42da943316a8f84c3dc2,"FOAMULAR® XPS Insulation is a comprehensive line of rigid foam products that are easy to use, resist water absorption, deliver high compressive strength and maintain a high R-value throughout the life of the building.",Extruded Polystyrene (XPS) Foam Board
FOAMULAR® XPS Insulation - 1000,1 m2,103 kgCO2e,1.3799999999999988 kg,,0.0288 m,48.05550000000001 kg/m3,75 years,4579.270231464856,103.0,95.29128261,0.0,,,0.0,https://buildingtransparency.org/ec3/organizations/affc3c4ff6db42da943316a8f84c3dc2,"FOAMULAR® XPS Insulation is a comprehensive line of rigid foam products that are easy to use, resist water absorption, deliver high compressive strength and maintain a high R-value throughout the life of the building.",Extruded Polystyrene (XPS) Foam Board
FOAMULAR® NGX™150 XPS Insulation,1 m2,7.52611352 kgCO2e,0.777 kg,,0.0288 m,20.82405 kg/m3,75 years,201.70420108155332,7.52611352,9.686117786,0.0,,,0.0,https://buildingtransparency.org/ec3/organizations/affc3c4ff6db42da943316a8f84c3dc2,"FOAMULAR® NGX™ XPS Insulation is a comprehensive line of rigid foam products that are easy to use, resist water absorption, deliver high compressive strength and maintain a high R-value throughout the life of the building.* It has third-party certified recycled content - certified by SCS Global Services - and, in addition is GREENGUARD Gold certified, offers the the industry’s only lifetime limited warranty.* FOAMULAR® NGX™ XPS Insulation is made with Owens Corning’s patented Hydrovac® process technology under strict quality control measures, which makes it highly resistant to moisture and permits the product to retain its high R-value year after year even after prolonged exposure to moisture and freeze/thaw cycling. Another primary difference with FOAMULAR® NGX™ XPS Insulation products is its compressive strength. FOAMULAR® NGX™ XPS Insulation has compressive strengths of 15, 20, 25, 30, 35, 40, 60 and 100 psi. The variety of products provides different strengths for use in walls, where there is almost no compressive load, or intermediate strength product for use with modest loads such as around foundations, or in low slope roofs. It also is suitable for use under high load pavement, such as floors or plaza decks. FOAMULAR® NGX™ XPS Insulation is an integral component of our Owens Corning® ResidentialComplete® Wall Systems and the Owens Corning® CommercialComplete® Wall Systems portfolios. FOAMULAR® NGX™ contains the additional benefit of being manufactured with a blowing agent formulation that delivers a 90% reduction to Global Warming Potential (100 year) compared to FOAMULAR® blowing agent, including the complete elimination of HFC 134a.",Extruded Polystyrene (XPS) Foam Board
FOAMULAR® NGX™ 600 XPS Insulation,1 m2,12.73500192 kgCO2e,0.777 kg,,0.028799999999999996 m,35.240700000000004 kg/m3,75 years,577.5937994011022,12.73500192,16.38996386,0.0,,,0.0,https://buildingtransparency.org/ec3/organizations/affc3c4ff6db42da943316a8f84c3dc2,"FOAMULAR® NGX™ XPS Insulation is a comprehensive line of rigid foam products that are easy to use, resist water absorption, deliver high compressive strength and maintain a high R-value throughout the life of the building.* It has third-party certified recycled content - certified by SCS Global Services - and, in addition is GREENGUARD Gold certified, offers the the industry’s only lifetime limited warranty.* FOAMULAR® NGX™ XPS Insulation is made with Owens Corning’s patented Hydrovac® process technology under strict quality control measures, which makes it highly resistant to moisture and permits the product to retain its high R-value year after year even after prolonged exposure to moisture and freeze/thaw cycling. Another primary difference with FOAMULAR® NGX™ XPS Insulation products is its compressive strength. FOAMULAR® NGX™ XPS Insulation has compressive strengths of 15, 20, 25, 30, 35, 40, 60 and 100 psi. The variety of products provides different strengths for use in walls, where there is almost no compressive load, or intermediate strength product for use with modest loads such as around foundations, or in low slope roofs. It also is suitable for use under high load pavement, such as floors or plaza decks. FOAMULAR® NGX™ XPS Insulation is an integral component of our Owens Corning® ResidentialComplete® Wall Systems and the Owens Corning® CommercialComplete® Wall Systems portfolios. FOAMULAR® NGX™ contains the additional benefit of being manufactured with a blowing agent formulation that delivers a 90% reduction to Global Warming Potential (100 year) compared to FOAMULAR® blowing agent, including the complete elimination of HFC 134a.",Extruded Polystyrene (XPS) Foam Board
FOAMULAR® NGX™ 350 XPS Insulation,1 m2,9.84333864 kgCO2e,0.777 kg,,0.028799999999999996 m,24.828675 kg/m3,75 years,314.5393256689125,9.84333864,12.6683895,0.0,,,0.0,https://buildingtransparency.org/ec3/organizations/affc3c4ff6db42da943316a8f84c3dc2,"FOAMULAR® NGX™ XPS Insulation is a comprehensive line of rigid foam products that are easy to use, resist water absorption, deliver high compressive strength and maintain a high R-value throughout the life of the building.* It has third-party certified recycled content - certified by SCS Global Services - and, in addition is GREENGUARD Gold certified, offers the the industry’s only lifetime limited warranty.* FOAMULAR® NGX™ XPS Insulation is made with Owens Corning’s patented Hydrovac® process technology under strict quality control measures, which makes it highly resistant to moisture and permits the product to retain its high R-value year after year even after prolonged exposure to moisture and freeze/thaw cycling. Another primary difference with FOAMULAR® NGX™ XPS Insulation products is its compressive strength. FOAMULAR® NGX™ XPS Insulation has compressive strengths of 15, 20, 25, 30, 35, 40, 60 and 100 psi. The variety of products provides different strengths for use in walls, where there is almost no compressive load, or intermediate strength product for use with modest loads such as around foundations, or in low slope roofs. It also is suitable for use under high load pavement, such as floors or plaza decks. FOAMULAR® NGX™ XPS Insulation is an integral component of our Owens Corning® ResidentialComplete® Wall Systems and the Owens Corning® CommercialComplete® Wall Systems portfolios. FOAMULAR® NGX™ contains the additional benefit of being manufactured with a blowing agent formulation that delivers a 90% reduction to Global Warming Potential (100 year) compared to FOAMULAR® blowing agent, including the complete elimination of HFC 134a.",Extruded Polystyrene (XPS) Foam Board
FOAMULAR® NGX™ C-300 XPS Insulation,1 m2,9.25916424 kgCO2e,0.777 kg,,0.028799999999999996 m,24.828675 kg/m3,75 years,295.87230324361576,9.25916424,11.91655629,0.0,,,0.0,https://buildingtransparency.org/ec3/organizations/affc3c4ff6db42da943316a8f84c3dc2,"FOAMULAR® NGX™ XPS Insulation is a comprehensive line of rigid foam products that are easy to use, resist water absorption, deliver high compressive strength and maintain a high R-value throughout the life of the building.* It has third-party certified recycled content - certified by SCS Global Services - and, in addition is GREENGUARD Gold certified, offers the the industry’s only lifetime limited warranty.* FOAMULAR® NGX™ XPS Insulation is made with Owens Corning’s patented Hydrovac® process technology under strict quality control measures, which makes it highly resistant to moisture and permits the product to retain its high R-value year after year even after prolonged exposure to moisture and freeze/thaw cycling. Another primary difference with FOAMULAR® NGX™ XPS Insulation products is its compressive strength. FOAMULAR® NGX™ XPS Insulation has compressive strengths of 15, 20, 25, 30, 35, 40, 60 and 100 psi. The variety of products provides different strengths for use in walls, where there is almost no compressive load, or intermediate strength product for use with modest loads such as around foundations, or in low slope roofs. It also is suitable for use under high load pavement, such as floors or plaza decks. FOAMULAR® NGX™ XPS Insulation is an integral component of our Owens Corning® ResidentialComplete® Wall Systems and the Owens Corning® CommercialComplete® Wall Systems portfolios. FOAMULAR® NGX™ contains the additional benefit of being manufactured with a blowing agent formulation that delivers a 90% reduction to Global Warming Potential (100 year) compared to FOAMULAR® blowing agent, including the complete elimination of HFC 134a.",Extruded Polystyrene (XPS) Foam Board
FOAMULAR® NGX™ 250 XPS Insulation,1 m2,8.96707704 kgCO2e,0.777 kg,,0.028799999999999996 m,24.828675 kg/m3,75 years,286.5387921551108,8.96707704,11.54063969,0.0,,,0.0,https://buildingtransparency.org/ec3/organizations/affc3c4ff6db42da943316a8f84c3dc2,"FOAMULAR® NGX™ XPS Insulation is a comprehensive line of rigid foam products that are easy to use, resist water absorption, deliver high compressive strength and maintain a high R-value throughout the life of the building.* It has third-party certified recycled content - certified by SCS Global Services - and, in addition is GREENGUARD Gold certified, offers the the industry’s only lifetime limited warranty.* FOAMULAR® NGX™ XPS Insulation is made with Owens Corning’s patented Hydrovac® process technology under strict quality control measures, which makes it highly resistant to moisture and permits the product to retain its high R-value year after year even after prolonged exposure to moisture and freeze/thaw cycling. Another primary difference with FOAMULAR® NGX™ XPS Insulation products is its compressive strength. FOAMULAR® NGX™ XPS Insulation has compressive strengths of 15, 20, 25, 30, 35, 40, 60 and 100 psi. The variety of products provides different strengths for use in walls, where there is almost no compressive load, or intermediate strength product for use with modest loads such as around foundations, or in low slope roofs. It also is suitable for use under high load pavement, such as floors or plaza decks. FOAMULAR® NGX™ XPS Insulation is an integral component of our Owens Corning® ResidentialComplete® Wall Systems and the Owens Corning® CommercialComplete® Wall Systems portfolios. FOAMULAR® NGX™ contains the additional benefit of being manufactured with a blowing agent formulation that delivers a 90% reduction to Global Warming Potential (100 year) compared to FOAMULAR® blowing agent, including the complete elimination of HFC 134a.",Extruded Polystyrene (XPS) Foam Board
FOAMULAR® NGX™ C-200 & CodeBord XPS Insulation,1 m2,8.39263888 kgCO2e,0.777 kg,,0.028799999999999996 m,20.82405 kg/m3,75 years,224.927582587812,8.39263888,10.80133704,0.0,,,0.0,https://buildingtransparency.org/ec3/organizations/affc3c4ff6db42da943316a8f84c3dc2,"FOAMULAR® NGX™ XPS Insulation is a comprehensive line of rigid foam products that are easy to use, resist water absorption, deliver high compressive strength and maintain a high R-value throughout the life of the building.* It has third-party certified recycled content - certified by SCS Global Services - and, in addition is GREENGUARD Gold certified, offers the the industry’s only lifetime limited warranty.* FOAMULAR® NGX™ XPS Insulation is made with Owens Corning’s patented Hydrovac® process technology under strict quality control measures, which makes it highly resistant to moisture and permits the product to retain its high R-value year after year even after prolonged exposure to moisture and freeze/thaw cycling. Another primary difference with FOAMULAR® NGX™ XPS Insulation products is its compressive strength. FOAMULAR® NGX™ XPS Insulation has compressive strengths of 15, 20, 25, 30, 35, 40, 60 and 100 psi. The variety of products provides different strengths for use in walls, where there is almost no compressive load, or intermediate strength product for use with modest loads such as around foundations, or in low slope roofs. It also is suitable for use under high load pavement, such as floors or plaza decks. FOAMULAR® NGX™ XPS Insulation is an integral component of our Owens Corning® ResidentialComplete® Wall Systems and the Owens Corning® CommercialComplete® Wall Systems portfolios. FOAMULAR® NGX™ contains the additional benefit of being manufactured with a blowing agent formulation that delivers a 90% reduction to Global Warming Potential (100 year) compared to FOAMULAR® blowing agent, including the complete elimination of HFC 134a.",Extruded Polystyrene (XPS) Foam Board
Thermafiber Mineral Wool - Joplin FireSpan 90 (Heavy Density),1 m2,2.65 kgCO2e,,,,,,0.0,2.65,0.0,0.0,,,0.0,https://buildingtransparency.org/ec3/organizations/affc3c4ff6db42da943316a8f84c3dc2,"Thermafiber Mineral Wool Insulation produced by Owens Corning. This EPD covers thermal insulation products manufactured at Joplin and Wabash facilities, including both light and heavy density products. The optimized EPD shows environmental impact reductions achieved through increased plant operating efficiency, improved cupola and manufacturing line operational stability, and density efficiency work.",Mineral Wool Heavy Density Blanket
Thermafiber Mineral Wool Light and Heavy Density Mineral Wool Insulation,1 m²,4.77 kgCO2e,,,,,,0.0,4.77,0.0,0.0,,,0.0,https://buildingtransparency.org/ec3/organizations/affc3c4ff6db42da943316a8f84c3dc2,"Product Identification
Thermafiber® Mineral Wool Insulation products are comprised of semi-rigid and rigid
boards and batts. Mineral wool resists mold, fungi, and is vermin proof due to its
being an inorganic material. The R-value of Thermafiber® Mineral Wool Insulation
ranges from 3.7 - 4.3 per inch of thickness. It is available in multiple thicknesses,
densities, and various facings by product type. Reflected by its R-value, mineral
wool’s insulating performance is achieved by its densely packed fibers. Its high
resistance to heat flow translates into year-round comfort and energy savings.",Mineral Wool Heavy Density Blanket
Thermafiber Formaldehyde-Free Mineral Wool Light and Heavy Density Mineral Wool,1 m2,4 kgCO2e,3.52 kg,,,,,0.0,4.0,1.136363636,0.0,,,0.0,https://buildingtransparency.org/ec3/organizations/affc3c4ff6db42da943316a8f84c3dc2,"Product Identification
Thermafiber® FF Mineral Wool Insulation products are comprised of
semi-rigid and rigid boards and batts. Mineral wool resists mold, fungi,
and vermin dueto its being an inorganic material. The R-value of
Thermafiber® FF Mineral WoolInsulation ranges from 3.7 - 4.3 per inch
of thickness. It is available in multiple thicknesses, densities, and various
facings by product type. Reflected by its R-value, mineral wool’s
insulating performanceis achieved by its densely packed fibers. Its high
resistance to heat flow translates into year-round comfort and energy
savings.",Mineral Wool Heavy Density Blanket
Thermafiber Mineral Wool Light and Heavy Density Mineral Wool Insulation,1 m²,4.77 kgCO2e,,,,,,0.0,4.77,0.0,0.0,,,0.0,https://buildingtransparency.org/ec3/organizations/affc3c4ff6db42da943316a8f84c3dc2,"Product Identification
Thermafiber® Mineral Wool Insulation products are comprised of semi-rigid and rigid
boards and batts. Mineral wool resists mold, fungi, and is vermin proof due to its
being an inorganic material. The R-value of Thermafiber® Mineral Wool Insulation
ranges from 3.7 - 4.3 per inch of thickness. It is available in multiple thicknesses,
densities, and various facings by product type. Reflected by its R-value, mineral
wool’s insulating performance is achieved by its densely packed fibers. Its high
resistance to heat flow translates into year-round comfort and energy savings.",Mineral Wool Light Density Blanket
Thermafiber Mineral Wool Insulation - light density batt - unfaced,1 m2,4.77 kgCO2e,1.68 kg,,0.0347 m,,,0.0,4.77,2.839285714,0.0,,,0.0,https://buildingtransparency.org/ec3/organizations/affc3c4ff6db42da943316a8f84c3dc2,"Thermafiber® Mineral Wool Insulation products are comprised of semi- rigid and rigid boards and batts. Mineral wool resists mold, fungi, and is vermin proof due to its being an inorganic material. The R-value of Thermafiber® Mineral Wool Insulation ranges from 3.7 - 4.3 per inch of thickness. It is available in multiple thicknesses, densities, and various facings by product type. Reflected by its R-value, mineral wool's insulating performance is achieved by its densely packed fibers. Its high resistance to heat flow translates into year-round comfort and energy savings.",Mineral Wool Light Density Blanket
Thermafiber Mineral Wool Insulation - light density batt - faced,1 m2,5.25 kgCO2e,1.76 kg,,0.0347 m,,,0.0,5.25,2.982954545,0.0,,,0.0,https://buildingtransparency.org/ec3/organizations/affc3c4ff6db42da943316a8f84c3dc2,"Thermafiber® Mineral Wool Insulation products are comprised of semi- rigid and rigid boards and batts. Mineral wool resists mold, fungi, and is vermin proof due to its being an inorganic material. The R-value of Thermafiber® Mineral Wool Insulation ranges from 3.7 - 4.3 per inch of thickness. It is available in multiple thicknesses, densities, and various facings by product type. Reflected by its R-value, mineral wool's insulating performance is achieved by its densely packed fibers. Its high resistance to heat flow translates into year-round comfort and energy savings.",Mineral Wool Light Density Blanket
Thermafiber Mineral Wool Insulation - light density batt - faced,1 m2,5.25 kgCO2e,1.76 kg,,0.0347 m,,,0.0,5.25,2.982954545,0.0,,,0.0,https://buildingtransparency.org/ec3/organizations/affc3c4ff6db42da943316a8f84c3dc2,"Thermafiber® Mineral Wool Insulation products are comprised of semi- rigid and rigid boards and batts. Mineral wool resists mold, fungi, and is vermin proof due to its being an inorganic material. The R-value of Thermafiber® Mineral Wool Insulation ranges from 3.7 - 4.3 per inch of thickness. It is available in multiple thicknesses, densities, and various facings by product type. Reflected by its R-value, mineral wool's insulating performance is achieved by its densely packed fibers. Its high resistance to heat flow translates into year-round comfort and energy savings.",Mineral Wool Light Density Blanket
Thermafiber Mineral Wool Insulation - light density batt - unfaced,1 m2,4.77 kgCO2e,1.68 kg,,0.0347 m,,,0.0,4.77,2.839285714,0.0,,,0.0,https://buildingtransparency.org/ec3/organizations/affc3c4ff6db42da943316a8f84c3dc2,"Thermafiber® Mineral Wool Insulation products are comprised of semi- rigid and rigid boards and batts. Mineral wool resists mold, fungi, and is vermin proof due to its being an inorganic material. The R-value of Thermafiber® Mineral Wool Insulation ranges from 3.7 - 4.3 per inch of thickness. It is available in multiple thicknesses, densities, and various facings by product type. Reflected by its R-value, mineral wool's insulating performance is achieved by its densely packed fibers. Its high resistance to heat flow translates into year-round comfort and energy savings.",Mineral Wool Light Density Blanket
Thermafiber Formaldehyde-Free Mineral Wool Light and Heavy Density Mineral Wool,1 m2,4 kgCO2e,3.52 kg,,,,,0.0,4.0,1.136363636,0.0,,,0.0,https://buildingtransparency.org/ec3/organizations/affc3c4ff6db42da943316a8f84c3dc2,"Product Identification
Thermafiber® FF Mineral Wool Insulation products are comprised of
semi-rigid and rigid boards and batts. Mineral wool resists mold, fungi,
and vermin dueto its being an inorganic material. The R-value of
Thermafiber® FF Mineral WoolInsulation ranges from 3.7 - 4.3 per inch
of thickness. It is available in multiple thicknesses, densities, and various
facings by product type. Reflected by its R-value, mineral wool’s
insulating performanceis achieved by its densely packed fibers. Its high
resistance to heat flow translates into year-round comfort and energy
savings.",Mineral Wool Light Density Blanket
Thermafiber Formaldehyde-Free Mineral Wool Insulation - light density batt - faced,1 m2,4.48 kgCO2e,1.57 kg,,0.035 m,,,0.0,4.48,2.853503185,0.0,,,0.0,https://buildingtransparency.org/ec3/organizations/affc3c4ff6db42da943316a8f84c3dc2,"Thermafiber® FF Mineral Wool Insulation products are comprised of semi-rigid and rigid boards and batts. Mineral wool resists mold, fungi, and vermindue to its being an inorganic material.The R-value of Thermafiber® FF Mineral Wool Insulationranges from 3.7-4.3per inch of thickness.It is available in multiple thicknesses, densities, and various facings by product type.Reflected by its R-value, mineral wool’s insulating performance is achieved by its densely packed fibers.Its high resistance to heat flow translates into year-round comfort and energy savings.",Mineral Wool Light Density Blanket
Thermafiber Formaldehyde-Free Mineral Wool Insulation - light density batt - unfaced,1 m2,4 kgCO2e,1.57 kg,,0.035 m,,,0.0,4.0,2.547770701,0.0,,,0.0,https://buildingtransparency.org/ec3/organizations/affc3c4ff6db42da943316a8f84c3dc2,"Thermafiber® FF Mineral Wool Insulation products are comprised of semi-rigid and rigid boards and batts. Mineral wool resists mold, fungi, and vermindue to its being an inorganic material.The R-value of Thermafiber® FF Mineral Wool Insulationranges from 3.7-4.3per inch of thickness.It is available in multiple thicknesses, densities, and various facings by product type.Reflected by its R-value, mineral wool’s insulating performance is achieved by its densely packed fibers.Its high resistance to heat flow translates into year-round comfort and energy savings.",Mineral Wool Light Density Blanket
"Fiberglass batts (faced), McPherson",1 m2,1.34 kgCO2e,1.416 kg,,,,,0.0,1.34,0.9463276836,0.0,,,0.0,https://buildingtransparency.org/ec3/organizations/9fe766e3e20f479aa452017db69ec8b5,"Product Identification
Fiberglass batts insulation is a blanket insulation produced from ranging R-values (thermal resistance). Fiberglass is
inorganic and noncombustible. In addition, the fibers will not rot or absorb moisture and do not support the growth of
mildew, mold, or fungus.
The following Johns Manville fiberglass batt products are covered by this environmental product declaration:
    •   Unfaced Fiberglass
    •   Kraft Faced Fiberglass
    •   Panel Deck FSK-25
    •   FSK-25
    •   ComfortTherm®
    •   Cavity-SHIELD™                                                         Figure 1: Cavity-SHIELD™ fiberglass",Fiberglass Batts
"Fiberglass batts (faced), Penbryn",1 m2,0.879 kgCO2e,1.416 kg,,,,,0.0,0.879,0.6207627119,0.0,,,0.0,https://buildingtransparency.org/ec3/organizations/9fe766e3e20f479aa452017db69ec8b5,"Product Identification
Fiberglass batts insulation is a blanket insulation produced from ranging R-values (thermal resistance). Fiberglass is
inorganic and noncombustible. In addition, the fibers will not rot or absorb moisture and do not support the growth of
mildew, mold, or fungus.
The following Johns Manville fiberglass batt products are covered by this environmental product declaration:
    •   Unfaced Fiberglass
    •   Kraft Faced Fiberglass
    •   Panel Deck FSK-25
    •   FSK-25
    •   ComfortTherm®
    •   Cavity-SHIELD™                                                         Figure 1: Cavity-SHIELD™ fiberglass",Fiberglass Batts
"Fiberglass batts (unfaced), McPherson",1 m2,1.29 kgCO2e,1.3807 kg,,,,,0.0,1.29,0.934308684,0.0,,,0.0,https://buildingtransparency.org/ec3/organizations/9fe766e3e20f479aa452017db69ec8b5,"Product Identification
Fiberglass batts insulation is a blanket insulation produced from ranging R-values (thermal resistance). Fiberglass is
inorganic and noncombustible. In addition, the fibers will not rot or absorb moisture and do not support the growth of
mildew, mold, or fungus.
The following Johns Manville fiberglass batt products are covered by this environmental product declaration:
    •   Unfaced Fiberglass
    •   Kraft Faced Fiberglass
    •   Panel Deck FSK-25
    •   FSK-25
    •   ComfortTherm®
    •   Cavity-SHIELD™                                                         Figure 1: Cavity-SHIELD™ fiberglass",Fiberglass Batts
Fiberglass batts (faced),1 m2,1.13 kgCO2e,1.416 kg,,,,,0.0,1.13,0.7980225989,0.0,,,0.0,https://buildingtransparency.org/ec3/organizations/9fe766e3e20f479aa452017db69ec8b5,"Product Identification
Fiberglass batts insulation is a blanket insulation produced from ranging R-values (thermal resistance). Fiberglass is
inorganic and noncombustible. In addition, the fibers will not rot or absorb moisture and do not support the growth of
mildew, mold, or fungus.
The following Johns Manville fiberglass batt products are covered by this environmental product declaration:
    •   Unfaced Fiberglass
    •   Kraft Faced Fiberglass
    •   Panel Deck FSK-25
    •   FSK-25
    •   ComfortTherm®
    •   Cavity-SHIELD™                                                         Figure 1: Cavity-SHIELD™ fiberglass",Fiberglass Batts
#merge_to_ec3hh16y Fiberglass Batts (Unfaced),1 m2,1.01 kgCO2e,0.396 kg,,0.033 m,12.01 kg / m3,,30.63156566251,1.01,2.550505051,0.0,,,0.0,https://buildingtransparency.org/ec3/organizations/3bdb75d83c30476995fff39b078ea80e,"Fiberglass batt insulation is a rigid, bonded blanket insulation produced in a range of R-values (thermal resistance). Fiberglass is inorganic and noncombustible. It is made from molten glass and spun or blown into fibers that are then processed into the final product, available in both faced and unfaced varieties. The fibers will not rot or absorb moisture and do not support the growth of mildew, mold, or fungus.",Fiberglass Batts
Fiberglass batts (unfaced),1 m2,1.1419 kgCO2e,1.3807 kg,,,,75 year,0.0,1.1419,0.8270442529,0.0,,,0.0,https://buildingtransparency.org/ec3/organizations/9fe766e3e20f479aa452017db69ec8b5,"Product Identification
Fiberglass batts insulation is a blanket insulation produced from ranging R-values (thermal resistance). Fiberglass is
inorganic and noncombustible. In addition, the fibers will not rot or absorb moisture and do not support the growth of
mildew, mold, or fungus.
The following Johns Manville fiberglass batt products are covered by this environmental product declaration:
    •   Unfaced Fiberglass
    •   Kraft Faced Fiberglass
    •   Panel Deck FSK-25
    •   FSK-25
    •   ComfortTherm®
    •   Cavity-SHIELD™                                                         Figure 1: Cavity-SHIELD™ fiberglass",Fiberglass Batts
®Sustainable Insulation Fiberglass Building Insulation Batts - Canada,1 m2,0.201 kgCO2e,0.0204 kg,,,,60 year,0.0,0.201,9.852941176,0.0,,,0.0,https://buildingtransparency.org/ec3/organizations/4f0f4939d54945a08051f4c048ac71c0,"CertainTeed is dedicated to Building Responsibly™ with fiber glass insulation products that are engineered, produced
and shipped with a commitment to minimizing environmental impact and improving energy savings. The CertainTeed
Unfaced Sustainable Insulation® batt product line is an insulation material made of fiber glass that consists of rapidly
renewable content, a high percentage of recycled glass, and a new plant-based binder that has no formaldehyde, harsh
acrylics, dyes or unnecessary fire retardants added. Batt sizes from R-5.8 to R-40 are included in this EPD.",Fiberglass Batts
Sustainable Insulation® Fiberglass Building Insulation Batts - Canada,1 m2,0.18152 kgCO2e,0.0264 kg,,,,60 years,0.0,0.18152,6.875757576,0.0,,,0.0,https://buildingtransparency.org/ec3/organizations/4f0f4939d54945a08051f4c048ac71c0,"CertainTeed is dedicated to Building Responsibly™ with fiber glass insulation products that are engineered, produced
and shipped with a commitment to minimizing environmental impact and improving energy savings. The CertainTeed
Sustainable Insulation® Blanket product line is an insulation material made of fiber glass that consists of rapidly
renewable content, a high percentage of recycled glass, and a new plant-based binder that has no formaldehyde, harsh
acrylics, dyes or unnecessary fire retardants added. The blanket insulation products included in this EPD are: Standard
Universal Blanket Insulation, Theater Blanket Insulation (AcoustaBlanket), Metal Building Insulation for the U.S., and
Commercial Blanket Insulation for the U.S. and Canada. The sizes for the products in this EPD range from R-2.1 to R-30.",Fiberglass Batts
Sustainable Insulation® Fiberglass Building Insulation Batts - Canada,1 m2,0.201 kgCO2e,0.56 kg,,0.0455 m,12.3 kg / m3,60 years,4.414821428220001,0.201,0.3589285714,0.0,,,0.0,https://buildingtransparency.org/ec3/organizations/4f0f4939d54945a08051f4c048ac71c0,"CertainTeed is dedicated to Building Responsibly™ with fiber glass insulation products that are engineered, produced and shipped with a commitment to minimizing environmental impact and improving energy savings. The CertainTeed Unfaced Sustainable Insulation® batt product line is an insulation material made of fiber glass that consists of rapidly renewable content, a high percentage of recycled glass, and a new plant-based binder that has no formaldehyde, harsh acrylics, dyes or unnecessary fire retardants added. Batt sizes from R-5.8 to R-40 are included in this EPD. The functional unit of the products reported in this document is 1 square meter of insulation material with a thickness that provides an average thermal resistance RSI= 1 m2K/W (RUS=5.68) with a building service life of 60 years. Product Line Features and Benefits Sustainable Batt Insulation is ideal for floors, walls and ceilings in residential, commercial, and institutional settings. Made in Canada Made using a rapidly renewable plant-based binder Made with recycled content (GreenCircle Certified) Helps create a health indoor environment (GREENGUARD Certified) Fire-retardant and high-temperature resistant Durable, easy to install, zero maintenance Contributes to LEED® points Manufacturing Locations CertainTeed manufacturing facilities that produce Sustainable Insulation batts in Canada are: Ottawa, ON Plant Redcliff, AB Plant Ottawa Fibre LP/CertainTeed Insulation Canada, Inc. Redcliff LP/CertainTeed Insulation Canada, Inc. 3985 Belgreen Drive, Ottawa, ON K1G 3N2 101 1ST Street Northeast, Redcliff, AB T0J 2P0 These facilities provided the primary data for this assessment and the results are based on the weighted average of production. Sustainable Insulation ® Fiberglass Building Insulation Batts - Canada According to ISO 14025",Fiberglass Batts
Sustainable Insulation® Fiberglass Building Insulation Batts - Canada,1 m2,0.201 kgCO2e,0.56 kg,,0.0455 m,12.3 kg/m3,60 year,4.414821428220001,0.201,0.3589285714,0.0,,,0.0,https://buildingtransparency.org/ec3/organizations/4f0f4939d54945a08051f4c048ac71c0,"CertainTeed is dedicated to Building Responsibly™ with fiber glass insulation products that are engineered, produced and shipped with a commitment to minimizing environmental impact and improving energy savings. The CertainTeed Unfaced Sustainable Insulation® batt product line is an insulation material made of fiber glass that consists of rapidly renewable content, a high percentage of recycled glass, and a new plant-based binder that has no formaldehyde, harsh acrylics, dyes or unnecessary fire retardants added. Batt sizes from R-5.8 to R-40 are included in this EPD. The functional unit of the products reported in this document is 1 square meter of insulation material with a thickness that provides an average thermal resistance RSI= 1 m2K/W (RUS=5.68) with a building service life of 60 years. Product Line Features and Benefits Sustainable Batt Insulation is ideal for floors, walls and ceilings in residential, commercial, and institutional settings. Made in Canada Made using a rapidly renewable plant-based binder Made with recycled content (GreenCircle Certified) Helps create a health indoor environment (GREENGUARD Certified) Fire-retardant and high-temperature resistant Durable, easy to install, zero maintenance Contributes to LEED® points Manufacturing Locations CertainTeed manufacturing facilities that produce Sustainable Insulation batts in Canada are: Ottawa, ON Plant Redcliff, AB Plant Ottawa Fibre LP/CertainTeed Insulation Canada, Inc. Redcliff LP/CertainTeed Insulation Canada, Inc. 3985 Belgreen Drive, Ottawa, ON K1G 3N2 101 1ST Street Northeast, Redcliff, AB T0J 2P0 These facilities provided the primary data for this assessment and the results are based on the weighted average of production. Sustainable Insulation ® Fiberglass Building Insulation Batts - Canada According to ISO 14025",Fiberglass Batts
Batts Insulation Wool,1 m2,2.63 kgCO2e,0.997 kg,,0.399 m,,,0.0,2.63,2.637913741,0.0,,,0.0,https://buildingtransparency.org/ec3/organizations/bc2a4b10d8e04554a85b35b1607bb5d9,"Batt and loose-fill insulation to be used in all insulation applicationsFast, easy and safe installation requiring no special protective clothingClass A rated for Fire Resistance and Smoke Development.Treated with boric acid to resist insectsWool does not support the growth of moldPassive air filtration — amino acids in woolbond with harmful chemicalsNo off-gassing — natural characteristics make our insulation devoid of harmful chemicals",Pure Wool Batts
