epd_name,gwp_per_kg (kg CO2 eq/kg),Material Category
Loose-Fill Cellulose Insulation,0.8377773954928608,Blown Cellulose
AFT Carbon Smart™ Loose-Fill Cellulose Insulation,0.405208333,Blown Cellulose
"Blowing Wool Fiberglass Insulation- InsulSafe® SP, TrueComfort®, UltraComfort®, OPTIMA®, InsulSafe®",2.241463415,Blown Fiberglass
"Blowing Wool Fiberglass Insulation- InsulSafe® SP, TrueComfort®, UltraComfort®, OPTIMA®, InsulSafe®",2.24738676,Blown Fiberglass
"Blowing Wool Fiberglass Insulation- InsulSafe® SP, TrueComfort®, UltraComfort®, OPTIMA®, InsulSafe®",2.24738676,Blown Fiberglass
Fiberglass Loose Fill Insulation,2.225641026,Blown Fiberglass
"Blowing Wool Fiberglass Insulation- InsulSafe® SP, TrueComfort®, UltraComfort®, OPTIMA®, InsulSafe®",1.785714286,Blown Fiberglass
Thermafiber Mineral Wool Unbonded Loosefill,3.463087248,Blown Mineral Wool
Polyiso Roof Insulation Boards,2.494089835,Polyiso Insulation Foam Board
Polyiso Roof Insulation Boards,2.640661939,Polyiso Insulation Foam Board
Polyiso Roof Insulation Boards,2.411347518,Polyiso Insulation Foam Board
Polyiso Roof Insulation Boards,2.121949274,Polyiso Insulation Foam Board
Polyiso Roof Insulation Boards,2.494089835,Polyiso Insulation Foam Board
Polyiso Roof Insulation Board with GRF Facer,2.96834925,Polyiso Insulation Foam Board
Polyiso Roof Insulation Boards,0.110820244,Polyiso Insulation Foam Board
Polyiso Roof Insulation Board,3.333333333,Polyiso Insulation Foam Board
Polyiso Roof Insulation Board,3.333333333,Polyiso Insulation Foam Board
Polyiso Roof Insulation Board,3.333333333,Polyiso Insulation Foam Board
Polyiso Roof Insulation Board,3.333333333,Polyiso Insulation Foam Board
Polyiso Roof Insulation Board,3.333333333,Polyiso Insulation Foam Board
Polyiso Roof Insulation Board,3.333333333,Polyiso Insulation Foam Board
Polyiso Roof Insulation Boards,3.333333333,Polyiso Insulation Foam Board
Polyiso Roof Insulation Boards,3.333333333,Polyiso Insulation Foam Board
Polyiso Roof Insulation Boards,3.333333333,Polyiso Insulation Foam Board
Polyiso Roof Insulation Boards,3.333333333,Polyiso Insulation Foam Board
Polyiso Roof Insulation Boards,3.333333333,Polyiso Insulation Foam Board
Polyiso Roof Insulation Boards,3.333333333,Polyiso Insulation Foam Board
Polyiso Roof Insulation Board,3.333333333,Polyiso Insulation Foam Board
Polyiso Roof Insulation Boards,3.333333333,Polyiso Insulation Foam Board
Neopor® Plus Graphite Polystyrene Insulation,3.97808,Graphite Polystyrene (GPS) Foam Board
Neopor® Plus Graphite Polystyrene Insulation,3.995381062,Graphite Polystyrene (GPS) Foam Board
Neopor® Plus Graphite Polystyrene Insulation,3.995381062,Graphite Polystyrene (GPS) Foam Board
Neopor® Plus Graphite Polystyrene Insulation,3.995381062,Graphite Polystyrene (GPS) Foam Board
EPS Insulation,3.72,Expanded Polystyrene (EPS) Foam Board
FOAMULAR® NGX™ 1000 XPS Insulation,12.34522523,Extruded Polystyrene (XPS) Foam Board
"XPS Insulation Board, 25 psi Standard",4.423283984,Extruded Polystyrene (XPS) Foam Board
"XPS Insulation Board, 40 psi, Standard",4.23912037,Extruded Polystyrene (XPS) Foam Board
"XPS Insulation Board, 60 psi low-GWP",3.90862069,Extruded Polystyrene (XPS) Foam Board
FOAMULAR® XPS Insulation - Average,30.545454545454547,Extruded Polystyrene (XPS) Foam Board
"XPS Insulation Board, 25 psi Low-GWP",4.093544858,Extruded Polystyrene (XPS) Foam Board
"XPS Insulation Board, 40 psi, Low-GWP",4.067349138,Extruded Polystyrene (XPS) Foam Board
"XPS Insulation Board, 60 psi standard",3.947264957,Extruded Polystyrene (XPS) Foam Board
"Declaration XPS Insulation Boards, 60 PSI _ Waa) 2 by SCS GLOBAL SERVICES 7 y r_ ""a e ENVIRONMENTAL ",51.72413793,Extruded Polystyrene (XPS) Foam Board
"XPS Insulation Board, 40 psi, Standard",3.858836207,Extruded Polystyrene (XPS) Foam Board
FOAMULAR® NGX™ 400 XPS Insulation,12.37792521,Extruded Polystyrene (XPS) Foam Board
FOAMULAR® XPS Insulation - 250,74.54545455,Extruded Polystyrene (XPS) Foam Board
FOAMULAR® XPS Insulation - 150,74.5,Extruded Polystyrene (XPS) Foam Board
FOAMULAR® XPS Insulation - 600,74.95049505,Extruded Polystyrene (XPS) Foam Board
FOAMULAR® XPS Insulation - 400,74.57831325,Extruded Polystyrene (XPS) Foam Board
FOAMULAR® XPS Insulation - 1000,95.29128261,Extruded Polystyrene (XPS) Foam Board
FOAMULAR® NGX™150 XPS Insulation,9.686117786,Extruded Polystyrene (XPS) Foam Board
FOAMULAR® NGX™ 600 XPS Insulation,16.38996386,Extruded Polystyrene (XPS) Foam Board
FOAMULAR® NGX™ 350 XPS Insulation,12.6683895,Extruded Polystyrene (XPS) Foam Board
FOAMULAR® NGX™ C-300 XPS Insulation,11.91655629,Extruded Polystyrene (XPS) Foam Board
FOAMULAR® NGX™ 250 XPS Insulation,11.54063969,Extruded Polystyrene (XPS) Foam Board
FOAMULAR® NGX™ C-200 & CodeBord XPS Insulation,10.80133704,Extruded Polystyrene (XPS) Foam Board
Thermafiber Mineral Wool - Joplin FireSpan 90 (Heavy Density),2.3660714285714284,Mineral Wool Heavy Density Blanket
Thermafiber Mineral Wool Light and Heavy Density Mineral Wool Insulation,4.258928571,Mineral Wool Heavy Density Blanket
Thermafiber Formaldehyde-Free Mineral Wool Light and Heavy Density Mineral Wool,1.136363636,Mineral Wool Heavy Density Blanket
Thermafiber Mineral Wool Light and Heavy Density Mineral Wool Insulation,4.258928571,Mineral Wool Light Density Blanket
Thermafiber Mineral Wool Insulation - light density batt - unfaced,2.839285714,Mineral Wool Light Density Blanket
Thermafiber Mineral Wool Insulation - light density batt - faced,2.982954545,Mineral Wool Light Density Blanket
Thermafiber Mineral Wool Insulation - light density batt - faced,2.982954545,Mineral Wool Light Density Blanket
Thermafiber Mineral Wool Insulation - light density batt - unfaced,2.839285714,Mineral Wool Light Density Blanket
Thermafiber Formaldehyde-Free Mineral Wool Light and Heavy Density Mineral Wool,1.136363636,Mineral Wool Light Density Blanket
Thermafiber Formaldehyde-Free Mineral Wool Insulation - light density batt - faced,2.853503185,Mineral Wool Light Density Blanket
Thermafiber Formaldehyde-Free Mineral Wool Insulation - light density batt - unfaced,2.547770701,Mineral Wool Light Density Blanket
"Fiberglass batts (faced), McPherson",0.946327684,Fiberglass Batts
"Fiberglass batts (faced), Penbryn",0.620762712,Fiberglass Batts
"Fiberglass batts (unfaced), McPherson",0.934308684,Fiberglass Batts
Fiberglass batts (faced),0.798022599,Fiberglass Batts
#merge_to_ec3hh16y Fiberglass Batts (Unfaced),2.550505051,Fiberglass Batts
Fiberglass batts (unfaced),0.827044253,Fiberglass Batts
®Sustainable Insulation Fiberglass Building Insulation Batts - Canada,9.852941176,Fiberglass Batts
Sustainable Insulation® Fiberglass Building Insulation Batts - Canada,6.875757576,Fiberglass Batts
Sustainable Insulation® Fiberglass Building Insulation Batts - Canada,0.358928571,Fiberglass Batts
Sustainable Insulation® Fiberglass Building Insulation Batts - Canada,0.358928571,Fiberglass Batts
Batts Insulation Wool,2.637913741,Pure Wool Batts
